student_id,avg_score,fail_count,risk_probability,predicted_risk
pjxyqxbk823,80.36065573770492,10,1.0,1
pjxyqxbl913,83.2719298245614,3,1.0,1
pjxuqwbj517,81.92063492063492,5,1.0,1
pjwtqxbj928,80.10344827586206,10,1.0,1
pjxyqwbj613,76.35833333333333,16,1.0,1
pjxyqxbk116,79.41322314049587,13,1.0,1
pjxuqwbj483,81.73553719008264,8,1.0,1
pjxyqwbk671,83.5234375,16,1.0,1
pjxyqwbk717,81.14912280701755,10,1.0,1
pjxuqwbj804,79.24603174603175,14,1.0,1
pjxyqxbk388,80.88333333333334,7,1.0,1
pjxyqxbk981,76.34586466165413,20,1.0,1
pjxyqxbk211,81.99122807017544,3,1.0,1
pjxuqwbj937,82.45454545454545,9,1.0,1
pjxyqwbj584,77.31782945736434,21,1.0,1
pjxyqxbk468,65.96794871794872,41,1.0,1
pjxyqxbj035,78.68852459016394,10,1.0,1
pjxwzxbj986,83.70689655172414,6,1.0,1
pjxuqwbj980,75.34545454545454,42,1.0,1
pjxyqxbj769,64.04827586206896,38,1.0,1
pjxyqwbj078,74.22900763358778,22,1.0,1
pjxyqwbj041,77.65,16,1.0,1
pjxyqxbk868,75.304,14,1.0,1
pjxyqwbj555,81.73214285714286,9,1.0,1
pjxyqxbj067,76.66197183098592,29,1.0,1
pjxyqwbj038,84.11214953271028,4,1.0,1
pjxyqwbk605,78.87394957983193,14,1.0,1
pjxwxxbj995,68.01481481481481,35,1.0,1
pjxyqxbj296,83.96638655462185,7,1.0,1
pjxyqxbl872,70.19047619047619,34,1.0,1
pjxyqxbj412,81.23333333333333,7,1.0,1
pjxyqxbl930,82.0,3,1.0,1
pjxyqwbj808,81.70535714285714,5,1.0,1
pjxyqwbj181,83.98148148148148,5,1.0,1
pjxuqwbj593,70.54676258992805,25,1.0,1
pjxuqwbj757,83.05042016806723,10,1.0,1
pjwrqxbj955,82.97413793103448,7,1.0,1
pjxqzxbj985,82.01869158878505,9,1.0,1
pjxyqxbj269,82.53781512605042,8,1.0,1
pjxyqwbj591,58.04597701149425,65,1.0,1
pjxyqxbk899,82.546875,15,1.0,1
pjxyqxbl757,76.62698412698413,13,1.0,1
pjxyqxbj725,79.30327868852459,12,1.0,1
pjxyqwbj615,83.3425925925926,3,1.0,1
pjxyqxbj922,79.84426229508196,11,1.0,1
pjxyqxbk783,83.57264957264957,4,1.0,1
pjxyqxbk300,77.4322033898305,12,1.0,1
pjxyqxbk261,75.50746268656717,20,1.0,1
pjxuqwbj847,77.5925925925926,16,1.0,1
pjxyqxbk926,82.11504424778761,3,1.0,1
pjxyqwbj277,82.49514563106796,5,1.0,1
pjxyqxbk419,82.82962962962964,16,1.0,1
pjxyqwbj958,83.16814159292035,9,1.0,1
pjxyqxbj031,76.0909090909091,19,1.0,1
pjxyqxbk015,80.91056910569105,8,1.0,1
pjxxztbj995,82.72727272727273,10,1.0,1
pjxyqxbk546,75.25757575757575,21,1.0,1
pjxyqxbj080,82.23893805309734,4,1.0,1
pjxyqxbj967,74.10810810810811,27,1.0,1
pjxuqwbj535,78.27777777777777,13,1.0,1
pjxyqwbj671,71.47058823529412,25,1.0,1
pjxyqxbj347,63.30061349693251,55,1.0,1
pjxuqwbj708,78.97692307692307,15,1.0,1
pjxyqxbk273,75.03225806451613,16,1.0,1
pjxyqxbl919,80.68852459016394,10,1.0,1
pjxyqxbk166,74.1869918699187,14,1.0,1
pjxyqxbl991,79.62698412698413,11,1.0,1
pjxyqxbj562,77.83720930232558,17,1.0,1
pjxxzxkj978,72.44262295081967,22,1.0,1
pjxsqxbj925,82.84033613445378,7,1.0,1
pjxyqwbj590,73.3030303030303,29,1.0,1
pjxyqxbj452,84.25,10,1.0,1
pjxyqxbj739,80.94488188976378,13,1.0,1
pjxyqxbj148,80.74166666666666,12,1.0,1
pjxyqxbj645,82.6,6,1.0,1
pjxxzxbj995,79.51304347826087,8,1.0,1
pjxyqxbk210,82.31932773109244,4,1.0,1
pjxyqxbl866,84.46428571428571,4,1.0,1
pjxwxxbj899,77.28571428571429,18,1.0,1
pjxyqxbk552,76.44444444444444,15,1.0,1
pjxwxxbj945,83.08181818181818,5,1.0,1
pjxxxxbj910,82.0625,8,1.0,1
pjxyqxbk198,75.80575539568345,23,1.0,1
pjxyqwbk623,70.89308176100629,49,1.0,1
pjxyqxbj756,70.71698113207547,43,1.0,1
pjxwxxbj910,80.20754716981132,7,1.0,1
pjxyqwbj913,57.55029585798817,61,1.0,1
pjxyqxbj616,83.02608695652174,6,1.0,1
pjxyqxbk370,77.8359375,15,1.0,1
pjxyqxbk469,80.28571428571429,12,1.0,1
pjwtqxbj933,79.0952380952381,12,1.0,1
pjxyqxbl857,82.6923076923077,6,1.0,1
pjxyqxbj395,83.53781512605042,6,1.0,1
pjxyqxbj954,80.768,10,1.0,1
pjxyqwbj961,79.65486725663717,10,1.0,1
pjxyqxbk019,83.29752066115702,9,1.0,1
pjwtqxbj946,81.63709677419355,8,1.0,1
pjxyqwbk954,63.6993006993007,39,1.0,1
pjxrqxbj988,70.43801652892562,24,1.0,1
pjxyqxbk863,81.55,9,1.0,1
pjxyqxbk201,82.04878048780488,9,1.0,1
pjxuqwbj443,80.29251700680273,26,1.0,1
pjxyqwbk601,76.7560975609756,18,1.0,1
pjxrqxbj914,83.28125,7,1.0,1
pjxyqxbj066,77.29457364341086,14,1.0,1
pjxyqxbk217,66.46575342465754,32,1.0,1
pjxyqxbk025,74.50769230769231,18,1.0,1
pjxyqxbj749,81.71942446043165,21,1.0,1
pjxyqwbk865,80.76984126984127,12,1.0,1
pjxrqxbj911,80.07692307692308,11,1.0,1
pjxyqxbk923,83.25,14,1.0,1
pjxyqwbk993,75.91935483870968,20,1.0,1
pjxsqxbj986,75.34426229508196,21,1.0,1
pjxyqxbl916,83.22522522522523,5,1.0,1
pjxyqwbj864,80.41880341880342,6,1.0,1
pjxyqxbk063,79.2992125984252,12,1.0,1
pjxyqxbk745,64.14383561643835,41,1.0,1
pjxyqwbj588,82.62809917355372,7,1.0,1
pjxyqxbj961,72.86428571428571,28,1.0,1
pjxyqwbj914,79.19327731092437,14,1.0,1
pjxyqxbj545,79.61475409836065,11,1.0,1
pjxyqxbk185,81.84070796460178,6,1.0,1
pjxyqxbk377,78.98412698412699,14,1.0,1
pjxyqwbk991,81.00884955752213,8,1.0,1
pjxsqxbj771,83.42056074766356,4,1.0,1
pjxuqwbj639,74.88732394366197,27,1.0,1
pjxuqwbj786,76.17073170731707,44,1.0,1
pjxyqxbk997,79.52459016393442,12,1.0,1
pjxuzxbj987,80.14383561643835,27,1.0,1
pjxyqxbj659,80.80327868852459,9,1.0,1
pjxyqwbj569,81.17117117117117,5,1.0,1
pjwtqxbj939,65.44666666666667,43,1.0,1
pjxuqwbj658,72.96428571428571,24,1.0,1
pjxyqwbj393,79.15702479338843,13,1.0,1
pjxyqwbj422,82.775,11,1.0,1
pjxyqxbk454,84.06837606837607,3,1.0,1
pjxyqwbj276,67.72297297297297,37,1.0,1
pjxyqxbj794,76.16197183098592,26,1.0,1
pjxyqxbj642,77.27049180327869,11,1.0,1
pjxyqxbk399,79.80701754385964,11,1.0,1
pjxyqxbl703,81.08264462809917,9,1.0,1
pjxrqxbj909,83.63265306122449,8,1.0,1
pjxyqxbk669,81.62096774193549,10,1.0,1
pjxyqxbk667,65.56521739130434,44,1.0,1
pjxyqxbk489,79.87096774193549,13,1.0,1
pjxwxxbj938,68.38732394366197,40,1.0,1
pjxxztbj994,79.87288135593221,9,1.0,1
pjxtztbj997,81.53781512605042,8,1.0,1
pjwuzxbj992,78.22222222222223,18,1.0,1
pjxyqwbk922,82.55045871559633,8,1.0,1
pjxyqwbj789,83.15094339622641,4,1.0,1
pjxyqwbk679,79.5575221238938,10,1.0,1
pjxyqwbj116,60.57225433526011,63,1.0,1
pjxyqwbj149,80.54054054054055,8,1.0,1
pjxyqxbk074,69.30666666666667,39,1.0,1
pjwrqxbj913,80.42857142857143,11,1.0,1
pjxyqwbk831,75.82575757575758,26,1.0,1
pjxyqxbl957,72.48175182481752,24,1.0,1
pjxyqwbj321,83.5925925925926,4,1.0,1
pjxyqxbl816,83.71428571428571,11,1.0,1
pjxyqxbj569,82.03418803418803,5,1.0,1
pjxyqwbk920,65.64596273291926,46,1.0,1
pjxyqwbj986,82.65517241379311,7,1.0,1
pjxyqwbk583,77.5072463768116,27,1.0,1
pjxyqwbj400,82.13793103448276,8,1.0,1
pjxyqwbk767,76.8655462184874,11,1.0,1
pjxyqxbk043,69.45806451612903,39,1.0,1
pjxyqwbj174,65.18987341772151,52,1.0,1
pjxyqxbj015,78.57758620689656,12,1.0,1
pjxyqxbl884,82.58333333333333,8,1.0,1
pjxyqwbj764,73.02307692307693,27,1.0,1
pjxyqxbk442,75.16083916083916,25,1.0,1
pjxyqwbj631,78.33613445378151,13,1.0,1
pjxqzxbj995,72.54700854700855,23,1.0,1
pjwtqxbj952,78.5891472868217,13,1.0,1
pjxyqxbk295,80.2457627118644,9,1.0,1
pjxyqwbk770,70.83823529411765,30,1.0,1
pjxyqwbk862,78.76335877862596,23,1.0,1
pjxyqwbj659,60.3046357615894,48,1.0,1
pjxyqwbk708,82.3391304347826,11,1.0,1
pjwrqxbj911,82.14655172413794,6,1.0,1
pjxyqwbj059,80.96923076923076,11,1.0,1
pjxwzxbj993,67.14193548387097,41,1.0,1
pjxuqwbj637,80.33064516129032,10,1.0,1
pjxyqwbk899,79.112,14,1.0,1
pjxtzxbj997,78.3828125,13,1.0,1
pjxyqwbj472,83.6694214876033,8,1.0,1
pjwtqxbj930,69.75510204081633,34,1.0,1
pjxyqxbk222,81.92561983471074,8,1.0,1
pjxyqxbk039,75.26356589147287,20,1.0,1
pjxyqxbj871,74.84507042253522,24,1.0,1
pjxwxxbj914,83.46218487394958,11,1.0,1
pjxyqxbj323,83.15573770491804,10,1.0,1
pjxyqxbk162,79.9448275862069,26,1.0,1
pjxyqwbk665,81.78846153846153,5,1.0,1
pjxyqxbj643,80.8655462184874,7,1.0,1
pjwrqxbj918,80.03478260869565,8,1.0,1
pjxyqxbj119,75.88888888888889,19,1.0,1
pjwtqxbj950,76.91869918699187,15,1.0,1
pjxyqxbj909,77.55645161290323,12,1.0,1
pjxuqwbj773,82.56153846153846,14,1.0,1
pjxyqxbj993,83.51282051282051,8,1.0,1
pjxwxxbj943,75.26612903225806,24,1.0,1
pjxyqxbl896,72.16129032258064,40,1.0,1
pjxyqwbj158,78.43103448275862,10,1.0,1
pjxyqwbk951,77.2421875,19,1.0,1
pjxyqxbk583,80.35245901639344,15,1.0,1
pjxyqxbj305,82.92248062015504,15,1.0,1
pjxyqxbl710,82.38655462184875,11,1.0,1
pjxyqxbk460,75.22302158273381,26,1.0,1
pjxyqxbl826,73.45390070921985,24,1.0,1
pjxyqxbj327,73.02898550724638,23,1.0,1
pjxyqxbl999,82.43478260869566,8,1.0,1
pjxtztbj990,82.28828828828829,3,1.0,1
pjxyqxbj731,79.31746031746032,15,1.0,1
pjxsqxbj938,77.09565217391304,11,1.0,1
pjxyqwbj937,81.28181818181818,9,1.0,1
pjxyqxbj733,83.92035398230088,5,1.0,1
pjxuqwbj651,70.76623376623377,37,1.0,1
pjxuqwbj952,81.89430894308943,6,1.0,1
pjxyqxbj092,76.2991452991453,14,1.0,1
pjxyqwbj046,80.23577235772358,17,1.0,1
pjxyqwbk745,82.04545454545455,6,1.0,1
pjxyqxbj054,84.17647058823529,4,1.0,1
pjxyqwbk866,72.3953488372093,25,1.0,1
pjxyqxbk626,81.04132231404958,9,1.0,1
pjxyqwbj454,77.5703125,13,1.0,1
pjxyqwbj699,69.08053691275168,39,1.0,1
pjxwxxbj944,76.57723577235772,15,1.0,1
pjxyqwbj888,63.424050632911396,44,1.0,1
pjxyqxbj451,82.60483870967742,9,1.0,1
pjxyqxbk495,73.18978102189782,24,1.0,1
pjxyqxbk733,72.63571428571429,25,1.0,1
pjxyqxbj980,77.63565891472868,18,1.0,1
pjxyqwbj027,77.71304347826087,11,1.0,1
pjxuqwbj665,68.19047619047619,34,1.0,1
pjxyqxbk731,80.73170731707317,9,1.0,1
pjxyqxbj430,74.74074074074075,25,1.0,1
pjxuqwbj450,65.22289156626506,46,1.0,1
pjxuqwbj654,83.34426229508196,7,1.0,1
pjxyqxbj701,74.27067669172932,22,1.0,1
pjxsqxbj995,74.984375,22,1.0,1
pjxyqxbj102,72.3972602739726,34,1.0,1
pjxyqxbk013,78.2,16,1.0,1
pjxsqxbj774,79.3,8,1.0,1
pjxyqwbk896,67.71739130434783,32,1.0,1
pjxyqwbk996,76.94488188976378,17,1.0,1
pjxyqwbj301,81.08108108108108,6,1.0,1
pjxrqxbj928,83.70967741935483,3,1.0,1
pjxyqwbk826,76.416,17,1.0,1
pjxyqxbl807,80.83870967741936,9,1.0,1
pjxyqxbl686,78.58870967741936,10,1.0,1
pjxsqxbj758,60.42335766423358,56,1.0,1
pjxyqwbj122,82.65546218487395,9,1.0,1
pjxyqwbj412,82.99115044247787,6,1.0,1
pjxyqxbj465,80.59016393442623,10,1.0,1
pjxyqxbk604,81.41935483870968,7,1.0,1
pjxyqwbk701,66.23076923076923,58,1.0,1
pjxyqxbk614,75.65972222222223,28,1.0,1
pjxyqwbk859,75.33858267716535,16,1.0,1
pjxyqxbj358,81.87272727272727,3,1.0,1
pjxyqxbk705,81.68852459016394,10,1.0,1
pjxyqxbk137,79.82644628099173,12,1.0,1
pjxyqwbj850,81.9758064516129,12,1.0,1
pjxuqwbj796,82.85714285714286,7,1.0,1
pjxyqxbk895,74.98461538461538,18,1.0,1
pjxyqxbk794,80.7741935483871,10,1.0,1
pjxyqwbj886,80.54954954954955,8,1.0,1
pjxyqwbj883,78.02654867256638,10,1.0,1
pjxwxxbj983,73.11570247933884,19,1.0,1
pjxyqwbj742,80.38709677419355,14,1.0,1
pjxyqwbj409,70.40625,26,1.0,1
pjxpqxbj969,79.06140350877193,7,1.0,1
pjxyqwbk804,83.17117117117117,7,1.0,1
pjwtzxbj996,74.84,21,1.0,1
pjxyqwbj139,80.79824561403508,9,1.0,1
pjxyqxbj743,75.59375,16,1.0,1
pjxwxxbj930,78.6,15,1.0,1
pjxyqwbk541,81.08527131782945,19,1.0,1
pjxyqwbk661,71.97520661157024,19,1.0,1
pjxyqwbj047,75.6953125,20,1.0,1
pjxyqxbk437,79.91851851851852,13,1.0,1
pjxyqxbj374,78.92857142857143,13,1.0,1
pjxyqxbj576,75.44852941176471,22,1.0,1
pjxyqxbj029,80.05645161290323,12,1.0,1
pjxyqxbk915,78.696,14,1.0,1
pjxyqwbj336,79.30088495575221,11,1.0,1
pjxyqxbl869,82.15966386554622,6,1.0,1
pjxyqwbj007,76.15748031496064,17,1.0,1
pjxyqxbj006,77.79838709677419,14,1.0,1
pjxyqxbk746,69.1,32,1.0,1
pjxyqwbk638,69.14383561643835,40,1.0,1
pjxuqwbj853,80.20930232558139,14,1.0,1
pjxyqwbk727,79.55172413793103,11,1.0,1
pjxyqxbk943,82.83333333333333,5,1.0,1
pjxyqxbk378,77.05426356589147,14,1.0,1
pjxuqwbj781,76.13636363636364,15,1.0,1
pjxyqxbj403,79.65217391304348,21,1.0,1
pjxyqxbk751,79.13492063492063,14,1.0,1
pjxyqwbj847,83.47321428571429,5,1.0,1
pjxyqwbj085,74.55905511811024,17,1.0,1
pjxyqxbk606,82.20161290322581,5,1.0,1
pjxyqwbj316,76.51239669421487,15,1.0,1
pjxyqwbj340,65.04794520547945,42,1.0,1
pjxwzxkj996,73.7720588235294,24,1.0,1
pjxyqxbk257,73.0077519379845,18,1.0,1
pjxyqxbj158,72.421875,19,1.0,1
pjxyqxbj098,74.18705035971223,20,1.0,1
pjxyqxbk497,81.13953488372093,11,1.0,1
pjxuqwbj877,72.04411764705883,22,1.0,1
pjxwxxbj964,83.81308411214954,7,0.9998718237737916,1
pjxyqxbk364,76.98473282442748,12,0.9998718237737916,1
pjxyqwbj697,83.59821428571429,6,0.9998718237737916,1
pjxyqxbl713,74.43846153846154,15,0.9998718237737916,1
pjxyqxbk171,81.26666666666667,11,0.9998718237737916,1
pjxyqwbj098,75.15573770491804,18,0.9998718237737916,1
pjxuqwbj529,80.44715447154472,8,0.9998718237737916,1
pjxyqxbj294,74.1937984496124,17,0.9998718237737916,1
pjxyqwbk884,67.17808219178082,41,0.9998718237737916,1
pjxwxxbj960,81.35514018691589,8,0.9998718237737916,1
pjxyqxbk230,82.55084745762711,5,0.9998718237737916,1
pjxyqxbk067,78.29457364341086,19,0.9998718237737916,1
pjxqzxbj967,50.13157894736842,69,0.9998718237737916,1
pjxyqwbj754,75.5078125,19,0.9998718237737916,1
pjxyqxbk789,81.35245901639344,8,0.9998718237737916,1
pjxwxxbj967,73.92424242424242,30,0.9998718237737916,1
pjxyqwbj998,82.67241379310344,9,0.9998718237737916,1
pjxyqxbj225,82.13934426229508,8,0.9998718237737916,1
pjxyqxbj221,72.3006993006993,27,0.9998718237737916,1
pjxyqxbj060,83.63247863247864,6,0.9998718237737916,1
pjxyqxbk470,80.87096774193549,11,0.9998718237737916,1
pjxyqxbj823,80.51327433628319,7,0.9998718237737916,1
pjxyqxbk825,75.3943661971831,22,0.9998718237737916,1
pjxyqxbj417,76.30708661417323,17,0.9998718237737916,1
pjxyqxbj753,70.56875,40,0.9998718237737916,1
pjxyqwbj077,69.78014184397163,30,0.9998718237737916,1
pjxyqxbj801,83.99186991869918,7,0.9998718237737916,1
pjxuzvbj991,64.6025641025641,46,0.9998718237737916,1
pjxyqwbk868,81.05,9,0.9998718237737916,1
pjwtqxbj968,79.41935483870968,13,0.9998718237737916,1
pjxyqxbj476,83.12280701754386,6,0.9998718237737916,1
pjxyqwbk999,81.30357142857143,6,0.9998718237737916,1
pjxyqwbk549,76.48412698412699,22,0.9998718237737916,1
pjxuqwbj594,78.59689922480621,12,0.9998718237737916,1
pjxyqwbj253,77.3046875,14,0.9998718237737916,1
pjxyqxbk472,83.04237288135593,9,0.9998718237737916,1
pjxyqwbk889,78.55645161290323,12,0.9998718237737916,1
pjxyqwbj133,83.55963302752293,5,0.9998718237737916,1
pjxsqxbj811,81.04918032786885,16,0.9998718237737916,1
pjxyqxbj728,82.78947368421052,6,0.9998718237737916,1
pjxsqxbj751,76.89855072463769,33,0.9998718237737916,1
pjxyqxbj490,77.69465648854961,14,0.9998718237737916,1
pjxyqxbj989,81.68503937007874,12,0.9998718237737916,1
pjxwxxbj905,80.45945945945945,13,0.9998718237737916,1
pjxuqwbj723,83.075,5,0.9998718237737916,1
pjxyqwbj156,76.88321167883211,32,0.9998718237737916,1
pjxuqwbj933,73.06206896551724,28,0.9998718237737916,1
pjxyqxbk154,72.98581560283688,31,0.9998718237737916,1
pjxuqwbj460,82.65254237288136,5,0.9998718237737916,1
pjxyqwbk551,65.64596273291926,51,0.9998718237737916,1
pjxyqxbk298,66.01176470588236,53,0.9998718237737916,1
pjxyqxbk782,82.9090909090909,12,0.9998718237737916,1
pjxyqxbj094,77.35114503816794,17,0.9998718237737916,1
pjxyqwbj523,74.81395348837209,23,0.9998718237737916,1
pjwrqxbj984,81.53719008264463,12,0.9998718237737916,1
pjxuqwbj538,78.34042553191489,21,0.9998718237737916,1
pjxyqwbj004,82.24074074074075,6,0.9998718237737916,1
pjxwxxbj934,80.96330275229357,9,0.9998718237737916,1
pjxpqxbj930,66.78358208955224,27,0.9998718237737916,1
pjxyqxbj828,78.34615384615384,19,0.9998718237737916,1
pjxyqwbj632,73.92592592592592,24,0.9998718237737916,1
pjxyqwbk962,73.40833333333333,19,0.9998718237737916,1
pjxyqxbk685,72.85925925925926,26,0.9998718237737916,1
pjxyqxbk848,82.80833333333334,10,0.9998718237737916,1
pjxsqxbj857,75.1917808219178,38,0.9998718237737916,1
pjxyqxbl678,72.35526315789474,39,0.9998718237737916,1
pjxyqxbk869,82.03508771929825,7,0.9998718237737916,1
pjxyqxbl708,73.94736842105263,23,0.9998718237737916,1
pjxsqxbj760,57.84892086330935,63,0.9998718237737916,1
pjxyqwbj188,82.392,14,0.9998718237737916,1
pjxyqxbj729,74.36296296296297,23,0.9998718237737916,1
pjxwxxbj924,70.6793893129771,31,0.9998718237737916,1
pjxyqxbk767,80.47540983606558,9,0.9998718237737916,1
pjxyqwbk782,80.0650406504065,15,0.9998718237737916,1
pjxsqxbj939,50.54362416107382,76,0.9998718237737916,1
pjxyqxbk812,76.07692307692308,14,0.9998718237737916,1
pjxyqxbk737,78.31496062992126,15,0.9998718237737916,1
pjxtztbj998,82.16071428571429,4,0.9998718237737916,1
pjxyqxbj002,81.09016393442623,11,0.9998718237737916,1
pjxxzxbj998,77.25547445255475,21,0.9998718237737916,1
pjxyqwbj760,81.41463414634147,9,0.9998718237737916,1
pjxsqxbj862,79.77049180327869,20,0.9998718237737916,1
pjxyqxbk718,77.03125,18,0.9998718237737916,1
pjxyqxbj789,82.02459016393442,10,0.9998718237737916,1
pjxyqwbk620,76.5923076923077,17,0.9998718237737916,1
pjxsqxbj831,77.31896551724138,15,0.9998718237737916,1
pjxyqxbj557,79.72566371681415,7,0.9998718237737916,1
pjxsqxbj772,78.26724137931035,12,0.9998718237737916,1
pjxyqxbj192,74.66412213740458,17,0.9998718237737916,1
pjxuqwbj468,81.43382352941177,19,0.9998718237737916,1
pjxyqxbk218,76.9920634920635,15,0.9998718237737916,1
pjxwxxbj972,83.61061946902655,8,0.9998718237737916,1
pjxyqxbk338,79.64,13,0.9998718237737916,1
pjxyqwbj348,76.5,20,0.9998718237737916,1
pjxwxxbj963,78.05128205128206,15,0.9998718237737916,1
pjxwxxbj953,83.70093457943925,6,0.9998718237737916,1
pjxyqxbl742,79.89565217391305,9,0.9998718237737916,1
pjxyqwbj492,66.23225806451613,49,0.9998718237737916,1
pjxyqxbj588,83.78947368421052,5,0.9998718237737916,1
pjxyqxbk551,82.45217391304348,7,0.9998718237737916,1
pjxyqwbj267,82.2909090909091,6,0.9998718237737916,1
pjxyqwbk675,79.51639344262296,19,0.9998718237737916,1
pjwtqxbj932,79.92,17,0.9998718237737916,1
pjxyqxbj788,81.5079365079365,11,0.9998718237737916,1
pjxuqwbj632,70.62043795620438,25,0.9998718237737916,1
pjxyqwbk536,71.63358778625954,25,0.9998718237737916,1
pjxyqxbl731,80.11111111111111,7,0.9998718237737916,1
pjxyqxbj928,80.4274193548387,12,0.9998718237737916,1
pjxyqxbj760,79.648,13,0.9998718237737916,1
pjxyqxbl900,82.69172932330827,21,0.9998718237737916,1
pjxyqxbk627,81.68067226890756,6,0.9998718237737916,1
pjxyqwbk584,71.39682539682539,24,0.9998718237737916,1
pjxyqwbk838,80.3103448275862,11,0.9998718237737916,1
pjxrqxbj916,75.5925925925926,15,0.9998718237737916,1
pjxyqwbj104,81.27927927927928,7,0.9998718237737916,1
pjxuqwbj890,71.80272108843538,31,0.9998718237737916,1
pjxtztbj986,72.19014084507042,27,0.9998718237737916,1
pjxyqxbk722,69.66025641025641,40,0.9998718237737916,1
pjxuqwbj845,77.92063492063492,11,0.9998718237737916,1
pjxyqxbl982,66.81118881118881,38,0.9998718237737916,1
pjxuqwbj566,80.016,10,0.9998718237737916,1
pjxyqwbk668,74.29323308270676,25,0.9998718237737916,1
pjxyqwbk735,79.47413793103448,12,0.9998718237737916,1
pjwtqxbj918,83.24031007751938,8,0.9998718237737916,1
pjxyqxbk351,75.41353383458646,20,0.9998718237737916,1
pjxyqxbj691,74.54411764705883,24,0.9998718237737916,1
pjxyqwbj895,83.25833333333334,8,0.9998718237737916,1
pjxyqwbk900,66.19736842105263,39,0.9998718237737916,1
pjxuqwbj799,63.61392405063291,42,0.9998718237737916,1
pjxyqwbj456,69.46428571428571,35,0.9998718237737916,1
pjxuqwbj992,77.8515625,16,0.9998718237737916,1
pjxyqwbk540,75.89922480620154,18,0.9998718237737916,1
pjxtztbj985,79.21014492753623,19,0.9998718237737916,1
pjxqzxbj983,70.9758064516129,28,0.9998718237737916,1
pjxyqxbl789,81.96774193548387,8,0.9998718237737916,1
pjxyqwbj497,82.41739130434783,10,0.9998718237737916,1
pjxyqwbk511,74.40939597315436,39,0.9998718237737916,1
pjxyqwbk925,70.796875,23,0.9998718237737916,1
pjxyqwbj692,63.1063829787234,38,0.9998718237737916,1
pjxyqwbk578,83.10526315789474,9,0.9998718237737916,1
pjwtqxbj954,81.65517241379311,10,0.9998718237737916,1
pjxsqxbj788,83.12037037037037,7,0.9998718237737916,1
pjxyqwbk504,70.46052631578948,39,0.9998718237737916,1
pjxyqwbj402,81.7984496124031,14,0.9998718237737916,1
pjxyqxbk138,79.69918699186992,11,0.9998718237737916,1
pjxyqxbk232,75.52066115702479,15,0.9998718237737916,1
pjxyqwbj339,80.12389380530973,11,0.9998718237737916,1
pjxpqxbj919,79.70270270270271,5,0.9998718237737916,1
pjxyqwbj082,82.33628318584071,6,0.9998718237737916,1
pjxyqwbj857,68.90298507462687,32,0.9998718237737916,1
pjxuzvbj996,72.55395683453237,29,0.9998718237737916,1
pjxyqwbj542,70.6304347826087,32,0.9998718237737916,1
pjxyqwbj825,69.3671875,26,0.9998718237737916,1
pjxuqwbj974,83.97540983606558,7,0.9998718237737916,1
pjxtztbj987,76.66412213740458,19,0.9998718237737916,1
pjxyqxbl765,77.86923076923077,18,0.9998718237737916,1
pjxsqxbj881,78.70731707317073,20,0.9998718237737916,1
pjxyqxbk239,82.7593984962406,10,0.9998718237737916,1
pjxyqxbl769,83.51724137931035,3,0.9998718237737916,1
pjxyqxbj334,76.55555555555556,22,0.9998718237737916,1
pjwuzxbj995,80.49579831932773,6,0.9998718237737916,1
pjxyqwbj044,72.88235294117646,32,0.9998718237737916,1
pjxyqwbj488,82.55855855855856,6,0.9998718237737916,1
pjxyqwbk802,82.36792452830188,4,0.9998718237737916,1
pjxyqxbk000,74.69014084507042,25,0.9998718237737916,1
pjxyqxbk772,83.87068965517241,3,0.9998718237737916,1
pjxyqwbk810,82.67289719626169,5,0.9998718237737916,1
pjxxztbj998,82.80672268907563,10,0.9998718237737916,1
pjxyqwbj159,82.88695652173914,7,0.9998718237737916,1
pjxrqxbj945,80.66326530612245,7,0.9998718237737916,1
pjxwxxbj908,66.02721088435374,46,0.9998718237737916,1
pjxyqwbj627,79.1,15,0.9998718237737916,1
pjxyqxbj100,71.16071428571429,52,0.9997573762496953,1
pjxuqwbj935,80.62666666666667,30,0.9997573762496953,1
pjxyqxbl739,79.99248120300751,17,0.9997573762496953,1
pjxyqxbj840,72.61184210526316,33,0.9997573762496953,1
pjwrqxbj905,69.2867132867133,33,0.9997573762496953,1
pjxyqwbk972,70.61666666666666,22,0.9997573762496953,1
pjxuqwbj631,70.00632911392405,41,0.9997573762496953,1
pjxyqxbj162,72.46979865771812,33,0.9997573762496953,1
pjxyqxbk854,73.96323529411765,25,0.9997573762496953,1
pjxyqxbj754,77.55151515151515,42,0.9997573762496953,1
pjxyqxbl763,61.06508875739645,59,0.9997573762496953,1
pjxyqxbk661,67.80392156862744,36,0.9997573762496953,1
pjxyqxbk916,62.24193548387097,67,0.9997573762496953,1
pjxyqwbj701,61.4969696969697,54,0.9997573762496953,1
pjxyqxbl943,74.91603053435115,18,0.9997573762496953,1
pjxyqxbj709,59.564245810055866,66,0.9997573762496953,1
pjxyqxbj636,66.65408805031447,47,0.9997573762496953,1
pjxyqxbj027,67.0592105263158,38,0.9997573762496953,1
pjxyqwbk652,65.46153846153847,61,0.9997573762496953,1
pjxyqxbj169,74.12878787878788,19,0.9997573762496953,1
pjxrqxbj905,51.9079754601227,69,0.9997573762496953,1
pjxuqwbj497,67.41573033707866,59,0.9997573762496953,1
pjxyqxbk579,71.3179190751445,48,0.9997573762496953,1
pjxyqwbj380,60.592592592592595,54,0.9997573762496953,1
pjxyqxbj585,80.85271317829458,12,0.9997573762496953,1
pjxrqxbj963,72.53333333333333,24,0.9997573762496953,1
pjxyqxbj683,66.97350993377484,38,0.9997573762496953,1
pjxyqwbk813,80.4375,7,0.9997573762496953,1
pjxyqxbj559,72.88815789473684,36,0.9997573762496953,1
pjxyqwbj279,77.1231884057971,29,0.9997573762496953,1
pjxyqwbk624,75.3037037037037,27,0.9997573762496953,1
pjxyqxbl688,73.5068493150685,32,0.9997573762496953,1
pjxyqxbl712,60.577639751552795,52,0.9997573762496953,1
pjxyqxbj710,68.19745222929936,42,0.9997573762496953,1
pjwrqxbj952,71.98496240601504,22,0.9997573762496953,1
pjxyqxbl755,68.73793103448276,32,0.9997573762496953,1
pjxyqxbk839,59.383783783783784,63,0.9997573762496953,1
pjxyqxbj566,76.425,13,0.9997573762496953,1
pjxyqwbj288,68.34210526315789,44,0.9997573762496953,1
pjxyqxbk723,61.05714285714286,58,0.9997573762496953,1
pjxyqxbk080,74.02,30,0.9997573762496953,1
pjwtqxbj971,81.30578512396694,10,0.9997573762496953,1
pjwrzxbj996,81.5859375,11,0.9997573762496953,1
pjxyqxbj399,61.24342105263158,46,0.9997573762496953,1
pjxyqxbk573,87.3529411764706,8,0.9996731274638634,1
pjxyqxbk268,75.95804195804196,26,0.9996292000234867,1
pjxyqxbk732,61.957317073170735,54,0.9996292000234867,1
pjxyqxbk081,80.3931623931624,5,0.9996292000234867,1
pjxyqwbk686,56.44808743169399,75,0.9996292000234867,1
pjxuqwbj496,82.35555555555555,15,0.9996292000234867,1
pjxyqxbk918,59.45054945054945,66,0.9996292000234867,1
pjxpqxbj920,78.22047244094489,10,0.9996292000234867,1
pjxyqwbj397,63.166666666666664,45,0.9996292000234867,1
pjxyqxbk501,57.989010989010985,72,0.9996292000234867,1
pjxyqwbk777,51.5,86,0.9996292000234867,1
pjxuqwbj750,72.55072463768116,27,0.9996292000234867,1
pjxyqxbk477,83.6140350877193,3,0.9996292000234867,1
pjxsqxbj780,78.66386554621849,14,0.9996292000234867,1
pjwrqxbj901,74.31914893617021,32,0.9996292000234867,1
pjxsqxbj921,61.515527950310556,55,0.9996292000234867,1
pjxyqxbk401,64.57575757575758,44,0.9996292000234867,1
pjxuqwbj511,75.80597014925372,16,0.9996292000234867,1
pjxsqxbj864,65.65822784810126,50,0.9996292000234867,1
pjxuqwbj861,71.57042253521126,25,0.9996292000234867,1
pjxyqxbl723,75.136,17,0.9996292000234867,1
pjxyqwbj564,63.88461538461539,47,0.9996292000234867,1
pjxyqwbj763,67.74534161490683,54,0.9996292000234867,1
pjxyqxbk631,66.01315789473684,38,0.9996292000234867,1
pjwrqxbj919,71.41605839416059,25,0.9996292000234867,1
pjxyqwbj333,71.01526717557252,25,0.9996292000234867,1
pjxyqxbk615,70.88970588235294,24,0.9996292000234867,1
pjxyqxbj501,74.04054054054055,28,0.9996292000234867,1
pjxyqxbj669,84.87068965517241,6,0.9994794663876537,1
pjxuqwbj588,84.49137931034483,3,0.9994794663876537,1
pjxyqwbj190,85.27450980392157,3,0.9994466842763798,1
pjxyqxbj012,86.16666666666667,6,0.9994466842763798,1
pjvyzxbj993,86.07874015748031,15,0.9994466842763798,1
pjxuqwbj694,86.46527777777777,21,0.9991198117402432,1
pjxyqxbl796,87.74311926605505,2,0.9987227214377407,1
pjxxztfj988,80.90322580645162,9,0.9979934459289136,1
pjxvztfj994,66.6,13,0.9979934459289136,1
pjxwzxfj992,79.13793103448276,7,0.9979934459289136,1
pjxtzxfj980,80.48648648648648,6,0.9979934459289136,1
pjxtzxfj982,76.73809523809524,11,0.9979934459289136,1
pjxvzxfj987,83.63333333333334,6,0.9979934459289136,1
pjxwzxfj987,75.7,8,0.9979934459289136,1
pjwtqxbj977,83.66055045871559,2,0.9979140461215933,1
pjxyqxbj827,68.57432432432432,37,0.9979140461215933,1
pjxyqwbk741,84.28947368421052,6,0.9979107882396412,1
pjxyqwbj830,79.64912280701755,12,0.9978652697027052,1
pjxuqwbj695,84.75757575757575,14,0.9977976991673656,1
pjxyqxbk894,80.41666666666667,7,0.9977508221786089,1
pjxyqxbk373,62.924418604651166,54,0.9976714223712884,1
pjxyqxbl812,83.83760683760684,5,0.9976074884067099,1
pjxyqwbj421,83.85470085470085,6,0.9976074884067099,1
pjxyqxbk032,82.86086956521739,5,0.9976074884067099,1
pjxyqxbk535,83.02542372881356,7,0.9976074884067099,1
pjxyqwbj548,83.81739130434782,6,0.9976074884067099,1
pjxyqxbk572,83.6890756302521,3,0.9976074884067099,1
pjxyqxbj165,82.32520325203252,7,0.9976074884067099,1
pjxyqwbk870,83.47272727272727,8,0.9976074884067099,1
pjxuqwbj772,82.2542372881356,7,0.9976074884067099,1
pjxyqxbj333,82.32478632478633,6,0.9976074884067099,1
pjxsqxbj985,83.63963963963964,7,0.9976074884067099,1
pjxyqxbj574,83.6198347107438,7,0.9976074884067099,1
pjxyqwbj463,82.6788990825688,5,0.9976074884067099,1
pjxyqxbl912,83.70434782608696,6,0.9976074884067099,1
pjxyqwbj955,83.78947368421052,5,0.9976074884067099,1
pjxyqwbj837,83.625,5,0.9976074884067099,1
pjxyqwbj839,83.73504273504274,5,0.9976074884067099,1
pjxyqxbk873,83.40517241379311,8,0.9976074884067099,1
pjwtqxbj942,81.42241379310344,10,0.9976074884067099,1
pjxyqxbl886,83.78813559322033,3,0.9976074884067099,1
pjxyqwbj821,82.66363636363636,5,0.9976074884067099,1
pjxuqwbj565,83.70731707317073,4,0.9976074884067099,1
pjxyqwbj192,83.68695652173913,7,0.9976074884067099,1
pjxxzxkj991,83.96116504854369,7,0.9976074884067099,1
pjxuqwbj760,83.18548387096774,6,0.9976074884067099,1
pjxyqxbj277,82.48305084745763,4,0.9976074884067099,1
pjxyqwbj872,83.47368421052632,5,0.9974793121805015,1
pjxyqxbk391,81.512,11,0.9974793121805015,1
pjxyqxbl709,82.06837606837607,9,0.9974793121805015,1
pjxyqxbk539,83.0701754385965,5,0.9974793121805015,1
pjxyqwbj870,83.19130434782609,11,0.9974793121805015,1
pjxyqwbk807,83.87387387387388,4,0.9974793121805015,1
pjxyqxbl931,82.3135593220339,9,0.9974793121805015,1
pjxyqwbj171,82.47899159663865,11,0.9974793121805015,1
pjxyqwbj302,83.26126126126127,4,0.9974793121805015,1
pjxuqwbj655,83.85950413223141,4,0.9974793121805015,1
pjxuqwbj955,81.93650793650794,13,0.9974793121805015,1
pjxyqxbk934,83.97345132743362,6,0.9974793121805015,1
pjxyqxbl837,86.29824561403508,4,0.9972745171405509,1
pjxyqxbj113,87.29661016949153,2,0.9971383265332822,1
pjxuqwbj826,83.17094017094017,10,0.9969478527607362,1
pjxyqxbk971,86.3135593220339,4,0.9969478527607362,1
pjxyqwbj166,87.33613445378151,6,0.9968253124169104,1
pjxyqxbj419,85.16806722689076,6,0.9966925207756233,1
pjxyqxbj527,84.92035398230088,5,0.9966460539529125,1
pjxyqwbj207,84.21551724137932,5,0.9965229212343962,1
pjxyqwbj334,84.29245283018868,4,0.9965229212343962,1
pjxyqxbl767,84.37719298245614,4,0.9965229212343962,1
pjxyqwbk762,84.32743362831859,4,0.9965229212343962,1
pjxyqwbk772,84.23529411764706,8,0.9965229212343962,1
pjxyqxbk072,87.02586206896552,3,0.9963540731072484,1
pjxyqxbk339,85.26495726495726,4,0.996171987163277,1
pjxyqxbk582,87.1470588235294,14,0.9960583954005396,1
pjxvzxbj989,85.97321428571429,8,0.9960583954005396,1
pjxyqwbj592,86.37190082644628,11,0.9960583954005396,1
pjxyqwbj811,85.80909090909091,6,0.9960583954005396,1
pjxuqwbj711,83.53333333333333,6,0.9960279441117764,1
pjxyqxbl843,82.02459016393442,6,0.9959849649180091,1
pjxuqwbj490,71.00671140939598,31,0.9959849649180091,1
pjxyqxbl847,78.92248062015504,13,0.9959074920505069,1
pjxyqxbj898,85.6608695652174,4,0.9958719746837478,1
pjxyqxbj987,85.7,4,0.9958719746837478,1
pjxuqwbj806,85.96,8,0.9958719746837478,1
pjxyqxbj686,84.32142857142857,2,0.9958248343612344,1
pjxyqxbl964,83.98230088495575,2,0.995521534528303,1
pjxyqwbj658,84.06422018348624,3,0.995518276646351,1
pjxyqwbj924,84.31896551724138,9,0.995518276646351,1
pjxyqxbj584,84.38053097345133,3,0.995518276646351,1
pjxuqwbj589,84.376,7,0.995518276646351,1
pjxyqxbj174,84.25,7,0.995518276646351,1
pjxpqxbj957,75.97520661157024,13,0.9955152392041314,1
pjxqzxbj982,67.56349206349206,31,0.9955152392041314,1
pjxyqxbj064,75.68,17,0.9955152392041314,1
pjxyqwbj452,73.34677419354838,20,0.995387062977923,1
pjxyqxbk613,87.00806451612904,10,0.9951379513672372,1
pjxyqwbj033,84.7433628318584,5,0.9947337226561208,1
pjwtqxbj921,83.71304347826087,5,0.994555341167446,1
pjxyqxbj780,85.75925925925925,2,0.9944267020935978,1
pjxsqxbj877,79.91304347826087,12,0.9943142857142857,1
pjxyqxbj082,81.71900826446281,8,0.9943142857142857,1
pjxyqxbk816,80.5327868852459,12,0.9943142857142857,1
pjxyqwbj344,72.97540983606558,18,0.9943142857142857,1
pjxuqwbj701,82.48305084745763,5,0.9941861094880773,1
pjxyqxbj911,65.26506024096386,51,0.9941861094880773,1
pjxpqxbj918,80.45454545454545,4,0.9941861094880773,1
pjxyqwbj793,83.21495327102804,3,0.9941861094880773,1
pjxsqxbj821,83.02803738317758,4,0.9941861094880773,1
pjxyqxbj615,80.85714285714286,20,0.9941861094880773,1
pjxyqxbj317,80.7107438016529,8,0.9941861094880773,1
pjxyqwbj154,88.24299065420561,4,0.9941253435042006,1
pjxyqxbj271,76.54166666666667,22,0.9940716619639809,1
pjxyqxbj718,60.59016393442623,70,0.9940716619639809,1
pjxyqxbk565,86.38983050847457,3,0.9939927563433862,1
pjxyqxbj018,83.88288288288288,2,0.9939419902333697,1
pjxuqwbj489,86.7948717948718,2,0.9938253447960099,1
pjxyqwbj967,85.3076923076923,3,0.9937937521019394,1
pjxyqxbj663,83.74782608695652,5,0.9936354325184863,1
pjxyqwbj508,82.72727272727273,14,0.9936354325184863,1
pjwrqxbj923,87.21739130434783,3,0.9933734477161298,1
pjxyqxbj240,83.75833333333334,6,0.9933592880978865,1
pjxyqxbk287,87.84166666666667,8,0.9933168142788452,1
pjxyqwbj089,85.3963963963964,5,0.9932404363783192,1
pjxtztbj996,87.07801418439716,20,0.9931771973577835,1
pjxyqwbk698,81.46774193548387,13,0.9929757968725127,1
pjxyqxbk297,84.47413793103448,3,0.9927504553734061,1
pjxyqwbk835,58.02285714285714,67,0.9927504553734061,1
pjwrqxbj948,85.36607142857143,3,0.9926916640962554,1
pjxyqxbl677,78.73684210526316,24,0.9926222791471977,1
pjxyqxbk343,82.89830508474576,5,0.9926222791471977,1
pjxyqxbj272,84.16239316239316,5,0.9925508653461728,1
pjxyqxbl854,84.51754385964912,2,0.9925356501531174,1
pjxuqwbj830,83.016,7,0.9925078316231014,1
pjxwxxbj941,69.36054421768708,45,0.9925078316231014,1
pjxyqxbk325,84.1574074074074,7,0.9924661294070871,1
pjxyqwbk521,81.30252100840336,12,0.9923852045107016,1
pjxyqxbj583,84.88695652173914,2,0.992256449075725,1
pjxyqxbk644,86.38461538461539,5,0.9922350521173788,1
pjxyqwbj172,81.50909090909092,8,0.992228331835879,1
pjxyqxbk457,84.28695652173913,4,0.9922250739539268,1
pjxsqxbj812,75.88235294117646,16,0.9921795554169909,1
pjxyqxbk140,58.92215568862275,54,0.9921795554169909,1
pjxwxxbj913,78.44736842105263,16,0.9921795554169909,1
pjxxzxkj998,83.3030303030303,2,0.9921001556096705,1
pjwrqxbj898,84.28455284552845,11,0.9920438858663604,1
pjxyqxbk500,65.6086956521739,51,0.9920187165775401,1
pjwtqxbj972,84.42537313432835,9,0.9920187165775401,1
pjxyqxbk640,83.25833333333334,7,0.9920187165775401,1
pjxyqxbj337,81.13559322033899,11,0.9919857080855741,1
pjxuqwbj472,85.73913043478261,2,0.9919131205931204,1
pjxyqxbl980,88.2542372881356,4,0.9917469893443075,1
pjxuqwbj586,85.4,6,0.991702106662143,1
pjxyqxbj740,85.08264462809917,6,0.9916868453842395,1
pjxyqxbk048,85.06194690265487,5,0.991586038720079,1
pjxyqxbk253,84.18487394957984,6,0.9915613079120604,1
pjxyqwbk799,83.78947368421052,9,0.9915494786400795,1
pjxxztfj997,82.92,4,0.9913527340268001,1
pjxyqxbj762,76.04794520547945,27,0.9913176265270507,1
pjwtqxbj960,84.01724137931035,8,0.9913176265270507,1
pjxyqxbk068,84.0,3,0.9913176265270507,1
pjxyqxbj633,87.25862068965517,3,0.9911766759339486,1
pjxyqxbj991,86.04724409448819,9,0.9910405006430639,1
pjxyqxbj554,84.67826086956522,3,0.9909779792746114,1
pjxyqwbj903,86.04629629629629,4,0.990908476005075,1
pjxyqwbj080,86.00909090909092,3,0.990908476005075,1
pjwrqxbj929,81.54166666666667,12,0.9908498030484029,1
pjxrqxbj937,86.6082474226804,4,0.9907431182431603,1
pjxyqxbj795,90.56557377049181,6,0.9907277747863413,1
pjxyqxbk464,84.07826086956521,5,0.9907090307224735,1
pjxyqxbj433,85.8099173553719,6,0.9906827864510306,1
pjxyqxbk125,84.5,3,0.9906767989059598,1
pjxyqwbj656,84.09401709401709,3,0.9906612436130473,1
pjxyqwbk760,86.02884615384616,4,0.9906439369314204,1
pjxyqxbk594,84.6890756302521,3,0.9905851899667495,1
pjxyqwbk956,84.50420168067227,8,0.9905417594743848,1
pjxyqxbj969,84.875,4,0.990536325268791,1
pjxwzxfj975,87.625,2,0.9905258973263051,1
pjxyqxbk262,84.22881355932203,6,0.9903967026607687,1
pjxyqxbk375,84.056,8,0.9903967026607687,1
pjxyqwbj625,82.75206611570248,13,0.9903463464258064,1
pjxyqxbj024,74.81159420289855,24,0.9902992506322948,1
pjxyqxbl808,86.45614035087719,4,0.9902442166021972,1
pjxyqxbk595,92.09448818897638,10,0.9901990247901683,1
pjxyqxbj984,87.95454545454545,13,0.9901990247901683,1
pjxwxxbj993,68.13475177304964,38,0.9901848031081986,1
pjxyqxbj448,84.80165289256199,5,0.9901781314727865,1
pjxyqwbj803,78.15178571428571,8,0.990093601538584,1
pjxyqxbl766,84.78991596638656,7,0.9900157916564446,1
pjxyqwbj191,81.01680672268908,8,0.99,1
pjxuqwbj712,85.24786324786325,4,0.9899485733173718,1
pjxyqxbj049,86.86486486486487,2,0.989912332463938,1
pjxuqwbj838,83.1896551724138,6,0.9898718237737916,1
pjxyqwbj782,84.07476635514018,3,0.9898476495145695,1
pjxyqwbj669,85.97196261682242,5,0.9896201062542276,1
pjxuqwbj622,84.3135593220339,3,0.9894139821678233,1
pjwrqxbj998,84.88181818181818,2,0.989406922797089,1
pjxuqwbj767,82.41538461538461,11,0.9892763030305898,1
pjxsqxbj834,75.96666666666667,16,0.9892763030305898,1
pjxwxxbj940,85.38461538461539,5,0.9890694720785366,1
pjxyqwbj604,85.3,4,0.9889464520671671,1
pjxyqxbl836,84.02479338842976,6,0.9889251149337605,1
pjwtqxbj976,84.02654867256638,3,0.9889251149337605,1
pjxyqwbk622,88.57894736842105,18,0.9889249257934284,1
pjxyqxbj761,84.96666666666667,4,0.9887604156181563,1
pjxyqwbj802,85.0091743119266,3,0.9887604156181563,1
pjxyqwbj272,85.16037735849056,2,0.988662809279741,1
pjxsqxbj787,88.36507936507937,13,0.9886291998556307,1
pjxyqwbj049,83.57142857142857,4,0.9886285714285714,1
pjxyqxbj068,90.67796610169492,5,0.9886146298857098,1
pjxyqxbj830,83.03571428571429,4,0.9885854676813213,1
pjxyqxbj570,86.15,6,0.9885668518767595,1
pjxyqwbj687,85.11111111111111,9,0.9885595701104881,1
pjxwxxbj981,86.0673076923077,3,0.988540462481525,1
pjxyqxbk228,85.0,4,0.9885338914808152,1
pjxyqxbj995,85.40869565217392,6,0.9884952324413977,1
pjxuqwbj503,84.32773109243698,5,0.9884940735188635,1
pjxyqxbj546,86.7948717948718,3,0.9884818986079844,1
pjxyqwbj710,82.0377358490566,5,0.98835639438163,1
pjxyqwbk949,68.23648648648648,37,0.988335923866288,1
pjxuqwbj491,84.9322033898305,3,0.9882881683136895,1
pjxyqwbk815,84.07142857142857,3,0.9882687320197572,1
pjxyqxbl779,71.02255639097744,26,0.9882656945775377,1
pjxxxxbj933,85.21428571428571,4,0.9882505843862656,1
pjxyqwbj269,84.8440366972477,3,0.9881438136755007,1
pjxyqwbj209,84.72222222222223,3,0.9881280997214468,1
pjxyqxbl891,88.29411764705883,9,0.9880747831685455,1
pjxyqxbj257,84.2,9,0.9880718299781368,1
pjxyqxbk195,90.048,5,0.9880494495392174,1
pjxyqxbj610,90.13793103448276,4,0.9880494495392174,1
pjxyqxbk882,85.35833333333333,2,0.9879000611002142,1
pjxyqxbj777,85.03508771929825,2,0.9879000611002142,1
pjxwzxbj998,88.35245901639344,11,0.9878329394663004,1
pjwtqxbj944,85.06896551724138,7,0.9876797663975442,1
pjxrqxbj981,85.8061224489796,4,0.987670212597045,1
pjxwxxbj907,86.50515463917526,5,0.987632196619185,1
pjxyqwbj433,86.58260869565217,3,0.9875684306600706,1
pjxsqxbj929,85.88571428571429,2,0.9875684306600706,1
pjxsqxbj796,86.60952380952381,3,0.9875684306600706,1
pjxyqxbk609,86.80165289256199,2,0.9875684306600706,1
pjxyqwbj185,84.90265486725664,4,0.987484178029527,1
pjxyqxbj688,85.61864406779661,7,0.9873414586638711,1
pjxrqxbj947,85.64347826086957,2,0.9873414586638711,1
pjxyqxbl746,84.4424778761062,2,0.9871977640260668,1
pjxyqxbj250,94.05833333333334,6,0.9871949207390813,1
pjxyqxbl673,88.34146341463415,3,0.987194004580724,1
pjxyqxbj405,85.67226890756302,6,0.9870451357665898,1
pjxyqwbj834,85.65486725663717,4,0.9870349009489875,1
pjxyqwbj015,86.37735849056604,4,0.9870349009489875,1
pjxyqxbj180,85.11304347826086,4,0.9870083124737765,1
pjxyqxbk992,85.24770642201835,2,0.9869911921991501,1
pjxyqwbk902,85.12389380530973,4,0.9869403206845851,1
pjxyqxbl895,84.68695652173913,2,0.9868753091701714,1
pjxsqxbj777,85.50442477876106,7,0.9867954223448391,1
pjxyqwbj820,86.47321428571429,2,0.9867710623549367,1
pjxyqxbk414,87.28318584070796,2,0.9866730941044412,1
pjvyzxbj995,84.9076923076923,21,0.9866494664130088,1
pjxsqxbj827,88.81481481481481,3,0.9866254153587252,1
pjxyqwbk919,86.08474576271186,3,0.9866003201239267,1
pjxsqxbj809,86.5,5,0.9866003201239267,1
pjxyqwbj485,85.25961538461539,3,0.9865973049680818,1
pjxyqxbj940,85.11304347826086,3,0.9865654455226277,1
pjxsqxbj980,84.08849557522124,8,0.986424646772545,1
pjxyqxbj089,84.36111111111111,5,0.9863618349285594,1
pjxyqxbk530,84.4201680672269,7,0.9863581715806461,1
pjxuqwbj763,84.375,5,0.9863581715806461,1
pjxyqxbk742,86.19672131147541,8,0.9862719966932901,1
pjxyqwbk828,91.27826086956522,8,0.9859706972019189,1
pjxyqwbk907,84.39449541284404,6,0.9859176672927329,1
pjxyqxbk294,74.75806451612904,16,0.9859074920505069,1
pjxyqxbk065,87.10714285714286,3,0.9858181516609266,1
pjxyqxbk059,84.8360655737705,4,0.9857695032608,1
pjxyqxbk978,85.39830508474576,7,0.985678080838411,1
pjwtqxbj929,81.8125,5,0.9856670197410858,1
pjwrqxbj979,84.87826086956522,3,0.9856606610841223,1
pjxyqxbj812,90.34166666666667,4,0.9856062008007591,1
pjxyqwbj255,86.77477477477477,3,0.9855384903282506,1
pjxvzxfj980,84.83333333333333,6,0.9854361846818733,1
pjxyqxbl945,85.10084033613445,4,0.9853443637633883,1
pjxpqxbj915,81.14912280701755,6,0.9853042471423662,1
pjxyqwbj525,84.17592592592592,3,0.9853042471423662,1
pjxuqwbj498,85.76,3,0.9852633372227041,1
pjxyqxbk318,84.70535714285714,4,0.9852489696484539,1
pjxyqxbl874,84.76315789473684,5,0.9852337083705502,1
pjxyqwbj791,83.45871559633028,3,0.9851640887626886,1
pjxyqwbj391,85.26666666666667,3,0.9851328866114224,1
pjxyqxbl684,85.09756097560975,8,0.9849475950231921,1
pjxqqxbj979,85.04,7,0.9848085688731386,1
pjxyqwbj285,86.35714285714286,4,0.9847058403214946,1
pjxyqwbk547,81.32786885245902,16,0.9846565155403478,1
pjxyqwbk893,81.64601769911505,8,0.9846565155403478,1
pjxwzxfj993,91.0,2,0.9845888189706237,1
pjxpqxbj932,81.3302752293578,5,0.9845440532681933,1
pjxuqwbj605,92.016,9,0.984513310504454,1
pjxwxxbj949,90.88695652173914,11,0.984513310504454,1
pjxuqwbj470,85.35087719298245,4,0.9844854452339743,1
pjxyqxbl797,90.19166666666666,2,0.9843142857142857,1
pjxuqwbj778,87.67543859649123,3,0.9842991456270482,1
pjxyqwbk529,86.46902654867256,5,0.9842710962238104,1
pjxyqwbk650,86.11504424778761,3,0.9842090973448532,1
pjxwxxbj951,85.00980392156863,2,0.9841127411299534,1
pjxyqxbk346,88.4873949579832,6,0.9840925784579843,1
pjxyqxbj469,78.71666666666667,8,0.9840680819004568,1
pjxsqxbj823,84.32456140350877,7,0.9840478756949388,1
pjxyqwbj869,85.72477064220183,4,0.9839222666365376,1
pjxpqxbj972,78.3859649122807,10,0.9838957055214723,1
pjxuqwbj540,87.25862068965517,2,0.9837876275273739,1
pjxyqwbk510,88.13157894736842,5,0.9837491053677933,1
pjwrqxbj945,85.9304347826087,3,0.9835830362482071,1
pjvyzxbj998,84.97101449275362,25,0.9834722149334187,1
pjxyqxbk980,88.03448275862068,3,0.9834347448433389,1
pjxyqxbl806,85.24786324786325,3,0.9833516184207154,1
pjxyqwbj003,84.4622641509434,4,0.9832867806421972,1
pjxxxxbj995,84.43181818181819,7,0.9832234421945069,1
pjxyqwbk656,85.8256880733945,4,0.9832195399107408,1
pjxyqxbj021,85.67857142857143,2,0.9832195399107408,1
pjxyqxbk276,86.16814159292035,2,0.9832195399107408,1
pjxyqwbj022,85.16346153846153,2,0.9830209953076495,1
pjxyqwbk769,85.59633027522936,5,0.982994449258804,1
pjxyqxbj638,85.13636363636364,5,0.9828760150581713,1
pjxyqxbl918,84.07377049180327,12,0.9828411967772601,1
pjxuqwbj962,87.81967213114754,4,0.9828335358285202,1
pjxyqxbl984,91.45901639344262,7,0.9827542291621839,1
pjwrqxbj926,84.43478260869566,5,0.982615027067519,1
pjxsqxbj962,93.0909090909091,4,0.9825844183394241,1
pjxyqwbj459,86.66346153846153,2,0.9825669748429187,1
pjxuzxbj986,90.46969696969697,9,0.9824884113120822,1
pjxuqwbj734,86.6890756302521,4,0.9823638027451609,1
pjxyqxbk597,84.44444444444444,2,0.9823613547742539,1
pjxyqxbl965,87.82758620689656,2,0.9823276886845618,1
pjxyqwbk971,86.51304347826087,4,0.9822466123595022,1
pjxtzxfj981,83.51428571428572,4,0.982036817385302,1
pjxyqwbk678,85.38461538461539,5,0.9820190049005886,1
200307700011,74.76923076923077,2,0.9820187165775401,1
pjxqzxbj979,87.11016949152543,10,0.9820187165775401,1
pjxyqxbk603,86.22131147540983,2,0.9819755358495057,1
pjxyqwbj052,86.34821428571429,4,0.9819222582894456,1
pjxyqwbk839,85.54716981132076,4,0.9819131205931204,1
pjxyqwbk577,86.44036697247707,4,0.9817473281804139,1
pjxyqwbj293,88.22018348623853,4,0.9816657191345374,1
pjxyqxbk190,81.70491803278688,9,0.9816598563531127,1
pjxyqxbl992,86.63478260869566,2,0.9815525039793012,1
pjvyzvfj977,89.46153846153847,2,0.9814958083456117,1
pjwrqxbj920,85.9304347826087,2,0.9814549338440968,1
pjxyqwbk604,84.09174311926606,4,0.9812565527601209,1
pjxyqwbk814,85.44444444444444,3,0.9812456878148039,1
pjxyqxbk415,88.72881355932203,3,0.9810343689890816,1
pjxyqxbj063,82.752,13,0.9810161499509438,1
pjxyqwbj993,83.36190476190477,2,0.9810067313210616,1
pjxyqwbj385,84.13913043478261,8,0.9809437296382971,1
pjxyqxbk149,89.17241379310344,6,0.9808959829186977,1
pjxsqxbj826,85.0,5,0.9808797312369134,1
pjxyqxbj607,85.63793103448276,4,0.9808056260178567,1
pjxyqxbk760,87.3211009174312,2,0.9807414380152808,1
pjxyqxbj262,84.80341880341881,4,0.9806754987917722,1
pjxyqxbk163,86.21296296296296,3,0.980643635078237,1
pjxyqwbk967,86.90291262135922,2,0.9806320599459987,1
pjxyqxbk779,89.53543307086615,10,0.9805833948397066,1
pjxyqwbj023,84.71052631578948,5,0.9804528006033574,1
pjxuqwbj474,88.36440677966101,2,0.9804031621676542,1
pjxyqwbj053,88.45370370370371,5,0.98030708416158,1
pjxyqxbk341,85.29752066115702,8,0.9802931658066693,1
pjxyqwbj540,85.62280701754386,6,0.9802442166021972,1
pjxyqwbk592,88.53982300884955,7,0.9802175918732051,1
pjxyqxbj682,85.04424778761062,5,0.9802038437046627,1
pjxyqxbj273,86.3305785123967,6,0.9801035897180426,1
pjxuqwbj692,84.52845528455285,8,0.9800783767208567,1
pjxyqxbj979,84.5603448275862,6,0.9800157916564446,1
pjxyqxbk950,87.48245614035088,5,0.9799848599127625,1
pjxyqwbj785,86.56880733944953,2,0.9799332099649277,1
pjxuqwbj787,84.54700854700855,2,0.9799274564094352,1
pjxwzxfj991,85.04761904761905,18,0.979750470396159,1
pjxyqwbj979,84.99130434782609,5,0.9797411439060437,1
pjxyqxbl921,84.07563025210084,2,0.9796517964916269,1
pjxyqxbk807,86.25225225225225,2,0.9795820122947038,1
pjxuqwbj600,86.71304347826087,4,0.9793744959401798,1
pjxyqwbj101,85.625,2,0.9793577279261011,1
pjxuqwbj785,85.2991452991453,3,0.9792805912308612,1
pjxyqxbj832,94.3,7,0.979209467356056,1
pjxyqxbk803,87.51219512195122,11,0.9791943802021231,1
pjxyqwbj589,84.04273504273505,5,0.9791826088207372,1
pjxyqxbj626,86.04201680672269,6,0.9791621608889759,1
pjxyqwbj278,89.4695652173913,6,0.9790243335645761,1
pjxyqxbj173,85.3109243697479,5,0.9789668576613247,1
pjxyqxbj253,88.29729729729729,2,0.9789088478187372,1
pjxyqwbk923,88.61320754716981,2,0.9788109923737912,1
pjxyqwbk796,84.66956521739131,4,0.9788104914941418,1
pjxyqxbl955,88.58333333333333,3,0.9786585305980746,1
pjxuqwbj803,84.03448275862068,3,0.9786321890538018,1
pjxuzxbj997,88.869918699187,6,0.9786291998556307,1
pjxyqxbl747,87.26785714285714,2,0.9785829996124643,1
pjxyqwbk542,85.25,5,0.9785795074091785,1
pjxuqwbj551,87.72413793103448,4,0.978563405659733,1
pjxyqxbj734,83.6086956521739,6,0.9783563943816298,1
pjxyqxbk272,85.19642857142857,3,0.978320160635901,1
pjxuqwbj878,86.83333333333333,4,0.9780861230726436,1
pjxyqxbk778,85.83783783783784,3,0.9780585561926597,1
pjxyqwbk632,86.9245283018868,2,0.9780139742844227,1
pjxyqxbk389,85.50393700787401,7,0.9779453308673864,1
pjxyqxbk236,84.66071428571429,5,0.977794041923842,1
pjxyqwbk864,86.30275229357798,4,0.9777752722921903,1
pjxyqxbk064,86.38938053097345,3,0.9777752722921903,1
pjxyqwbk855,89.070796460177,5,0.977739385148423,1
pjxyqxbk643,85.02608695652174,2,0.9775088173913208,1
pjxpqxbj924,86.76190476190476,5,0.9774627614490099,1
pjxyqxbj485,86.06086956521739,4,0.9774146886281675,1
pjxuqwbj558,84.98561151079137,15,0.9771759268590712,1
pjxyqxbk900,86.37391304347825,4,0.9770908633383268,1
pjxwzxbj988,85.990990990991,2,0.9770413045076954,1
pjxyqxbj207,87.64347826086957,3,0.9768652213708525,1
pjxuqwbj679,86.37606837606837,3,0.9766106670408989,1
pjxuqwbj985,84.6,3,0.9765805697330819,1
pjxyqwbj726,85.88888888888889,4,0.9763698505839277,1
pjxyqxbj647,85.95726495726495,2,0.9763698505839277,1
pjxyqwbj164,85.83783783783784,4,0.9763698505839277,1
pjxrqxbj969,86.64516129032258,2,0.9763698505839277,1
pjxyqxbj359,86.1639344262295,4,0.9763412633996399,1
pjwqzwbj998,85.45217391304348,4,0.9763332906148743,1
pjxuqwbj582,85.24561403508773,4,0.9763332906148743,1
pjxyqwbk720,89.01904761904763,2,0.9758384744358676,1
pjxyqxbk840,84.55737704918033,5,0.9757695032608001,1
pjxuqwbj686,86.75652173913043,2,0.9757593166641751,1
pjxyqwbk615,80.80357142857143,9,0.9756625908761696,1
pjxyqwbj464,88.04629629629629,4,0.9755610635422213,1
pjxyqwbj299,85.98113207547169,3,0.9748690516693133,1
pjxuqwbj903,84.55084745762711,6,0.9748522009082576,1
pjxqqxbj970,81.12,11,0.9747691719509463,1
pjxyqxbj415,85.68376068376068,6,0.9747305624881819,1
pjxyqwbj518,86.21929824561404,3,0.9747305624881819,1
pjxyqwbk731,85.74038461538461,3,0.9747305624881819,1
pjxyqwbj777,86.60377358490567,3,0.9747058403214947,1
pjxuqwbj463,85.60344827586206,5,0.9746328522039515,1
pjxyqxbj537,85.38793103448276,3,0.9745748041445806,1
pjxtzxfj994,89.96969696969697,2,0.9744795128430509,1
pjxyqxbk553,86.7280701754386,2,0.9743635731301716,1
pjxyqxbk428,86.0091743119266,2,0.9743635731301716,1
pjxyqxbj086,86.6140350877193,2,0.9743635731301716,1
pjxyqwbk538,84.19327731092437,9,0.9742343716132206,1
pjxyqxbj492,85.60833333333333,4,0.9740892687626556,1
pjxyqwbj809,85.34905660377359,2,0.9740873705847592,1
pjxyqwbk747,87.48076923076923,2,0.9740193764068426,1
pjxyqxbk910,86.01785714285714,2,0.9739192637223223,1
pjxyqwbk724,86.43396226415095,2,0.9739192637223223,1
pjxyqxbk302,92.7984496124031,8,0.9738350821070041,1
pjxuqwbj445,89.4047619047619,7,0.9738264724597476,1
pjxyqxbk350,88.89565217391305,3,0.9737975392329801,1
pjxuqwbj954,83.81538461538462,13,0.97376660532435,1
pjxyqxbj370,84.4047619047619,7,0.9736974467494665,1
pjxyqxbj985,86.5982905982906,2,0.9736660661278859,1
pjxuqwbj638,85.61666666666666,3,0.9734092723088363,1
pjxyqxbk330,86.28703703703704,2,0.9733417820197723,1
pjxyqxbk503,87.07339449541284,2,0.973205247082896,1
pjxwzxbj997,86.51327433628319,2,0.9731791914949465,1
pjxyqxbl889,87.35398230088495,4,0.9731076772605411,1
pjxuqwbj618,85.39823008849558,6,0.9730327558220214,1
pjxsqxbj942,86.97222222222223,3,0.9729987846238575,1
pjxwzxbj989,87.13274336283186,4,0.972947844930093,1
pjxyqwbk716,86.43518518518519,3,0.97287043611728,1
pjxyqxbj073,87.15789473684211,4,0.972853926134895,1
pjxyqxbj511,85.9375,6,0.9726386111526754,1
pjxyqxbj315,87.88695652173914,4,0.9723741550694133,1
pjxyqxbk208,86.56521739130434,2,0.9722796025027285,1
pjxyqxbj443,86.78571428571429,3,0.9722796025027285,1
pjxyqxbk713,83.28070175438596,5,0.9722394007343343,1
pjxuqwbj705,89.76612903225806,8,0.9722363084507453,1
pjxtzxfj986,89.57575757575758,2,0.9721603098406111,1
pjxtztbj989,90.2542372881356,2,0.9721223005054231,1
pjxyqxbj897,84.26666666666667,7,0.972095686297186,1
pjxyqxbk566,87.21186440677967,3,0.9719067096166344,1
pjxyqxbj524,85.11711711711712,2,0.9717833228224884,1
pjxyqxbj319,88.29661016949153,4,0.9717591694386172,1
pjxyqxbk349,84.73949579831933,8,0.9715568127040244,1
pjxuzxbj984,85.0859375,8,0.9714902125733569,1
pjxyqxbj905,85.25210084033614,4,0.9713299627825848,1
pjxyqxbk491,87.11,2,0.9713170672188796,1
pjxyqwbk509,85.88785046728972,2,0.9712055296555968,1
pjxyqxbk097,84.53448275862068,4,0.9711791814136868,1
pjxyqxbk011,86.63025210084034,4,0.9710824659003678,1
pjxuqwbj615,85.55555555555556,4,0.9709768911823573,1
pjxuqwbj858,86.52586206896552,4,0.9709655033481762,1
pjxyqxbj799,86.3103448275862,2,0.9709655033481762,1
pjxyqwbk548,86.55555555555556,5,0.9708969957810897,1
pjxyqwbj326,86.74545454545455,3,0.9708674832824267,1
pjxpqxbj971,84.44067796610169,3,0.9708554423860137,1
pjxyqxbj410,86.03478260869565,2,0.970836308277239,1
pjxrqxbj962,84.25274725274726,2,0.9705847262175088,1
pjxyqxbj658,86.8348623853211,2,0.9704546462053742,1
pjxyqxbl858,89.15942028985508,20,0.9703462245673131,1
pjxyqxbj964,85.40677966101696,4,0.970277870327276,1
pjxyqwbj031,86.94017094017094,4,0.9701747768342007,1
pjxyqxbj635,87.0,5,0.9701194326613052,1
pjxyqwbj444,84.24347826086957,6,0.9700369742258905,1
pjxpqxbj981,86.88372093023256,3,0.97,1
pjxyqwbj315,86.77358490566037,3,0.9698728375323538,1
pjxyqxbj519,86.12727272727273,2,0.9698728375323538,1
pjxyqxbk567,88.71794871794872,5,0.969845321595642,1
pjxyqwbk856,87.29807692307692,2,0.9697874982803623,1
pjxyqxbk286,86.75221238938053,2,0.9697830026462495,1
pjxyqxbj146,90.44067796610169,3,0.9696946768665101,1
pjxyqxbj397,86.73214285714286,2,0.9693744959401798,1
pjxyqxbj972,86.58974358974359,3,0.9693090018967813,1
pjxyqxbj703,86.1140350877193,3,0.9691203059573339,1
pjxyqxbj978,85.24778761061947,2,0.9690906984170486,1
pjwrqxbj991,85.232,7,0.9689349942316869,1
pjxyqxbj667,86.63247863247864,2,0.9689241471019494,1
pjxyqxbj384,90.63157894736842,2,0.9688847632110961,1
pjxuqwbj925,93.5925925925926,11,0.9688639726334766,1
pjxyqxbj088,84.85964912280701,2,0.9685471649886448,1
pjxyqwbk901,85.45794392523365,2,0.9685371622040689,1
pjxqzxbj975,85.23529411764706,6,0.9683823676147425,1
pjxyqxbj586,86.45535714285714,2,0.9683748060983008,1
pjxyqwbj050,85.74107142857143,7,0.9682349329032867,1
pjxuqwbj967,85.8141592920354,3,0.968233549436608,1
pjxyqxbk046,85.88349514563107,3,0.9681898839217585,1
pjxyqwbj205,87.51282051282051,3,0.9679702116271358,1
pjxyqxbk231,87.58536585365853,3,0.9679504980968158,1
pjxyqxbk853,86.15966386554622,4,0.9675411756807247,1
pjxyqwbk869,88.05607476635514,4,0.9673002489677849,1
pjxyqxbl906,87.60344827586206,2,0.9671827402395182,1
pjxyqxbl929,89.33620689655173,4,0.9669556294808792,1
pjxyqxbj578,85.59482758620689,3,0.966875653215494,1
pjxyqwbj744,85.59292035398231,4,0.966875653215494,1
pjxxztfj982,91.25,3,0.9666747728490305,1
pjxuqwbj633,88.95081967213115,6,0.9664001094862563,1
pjxyqwbj928,86.02752293577981,2,0.9663698505839277,1
pjxyqxbk592,85.6864406779661,4,0.9663690296606571,1
pjxyqwbj237,80.13740458015268,15,0.9663612130774866,1
pjxrqxbj973,85.38947368421053,2,0.9660719185055613,1
pjxyqxbj195,90.03539823008849,4,0.9659851896513003,1
pjxyqxbl953,84.92241379310344,5,0.9659243065072178,1
pjxqzxbj996,86.57943925233644,5,0.9654706840245627,1
pjxuqwbj831,87.41739130434783,4,0.9651357677358183,1
pjxyqxbl878,85.23140495867769,2,0.9651153282780913,1
pjxyqwbj871,88.52727272727273,2,0.9651105865724783,1
pjxyqwbj636,85.58333333333333,5,0.964974789815292,1
pjxrqxbj894,87.48936170212765,3,0.9648306751727023,1
pjxyqxbk965,86.9430894308943,4,0.9647503840217175,1
pjxuqwbj927,87.17886178861788,3,0.9647389828736632,1
pjxyqxbk787,85.96460176991151,3,0.964730562488182,1
pjxyqwbj988,87.5229357798165,2,0.9643268271868115,1
pjxyqxbj541,88.75,2,0.9642350646815995,1
pjwtqxbj941,76.7463768115942,20,0.964074604801093,1
pjxyqxbk611,86.4,2,0.9637668174143973,1
pjxyqxbj284,89.54838709677419,7,0.9637089410625254,1
pjxyqxbk903,86.8974358974359,6,0.9636094606649164,1
pjxyqwbj585,90.875,2,0.9633984069807431,1
pjxyqxbj599,83.64545454545454,2,0.9632972826065027,1
pjxsqxbj844,87.19444444444444,3,0.9629255014636295,1
pjxyqxbk131,86.75221238938053,2,0.9628107463510415,1
pjxyqwbj797,86.80188679245283,2,0.9625934116416727,1
pjxyqxbj301,90.0,2,0.9625783490824833,1
pjxyqwbj673,88.05454545454545,3,0.9625465512616194,1
pjxyqxbk581,85.70370370370371,6,0.9624921328755373,1
pjxyqxbj565,85.59649122807018,5,0.9623644537438882,1
pjxyqwbj579,78.33333333333333,16,0.9621183226532973,1
pjxyqxbk686,85.66071428571429,3,0.9621054440461468,1
pjxyqxbl738,84.75968992248062,9,0.962053061984197,1
pjxyqxbk885,84.73333333333333,4,0.9616883061106383,1
pjxsqxbj843,87.38888888888889,4,0.9616687208454094,1
pjxyqwbj685,85.58653846153847,2,0.9613078395161492,1
pjxyqxbj918,87.95652173913044,2,0.9611870939945715,1
pjwrqxbj980,88.13761467889908,3,0.9611265003864523,1
pjxyqwbj897,86.76146788990826,4,0.9610249892921479,1
pjxyqwbj347,87.77876106194691,3,0.9606189839315035,1
pjxwzxfj981,91.4,3,0.9604169112138102,1
pjxyqxbj736,88.29310344827586,2,0.9601369429523399,1
pjxyqxbj428,87.0,6,0.9601194326613052,1
pjxyqxbl827,87.375,3,0.9600080481082659,1
pjwtqxbj913,87.03603603603604,4,0.9599937206266195,1
pjxyqwbk885,86.72649572649573,7,0.9599518460565588,1
pjxuqwbj797,86.96694214876032,2,0.9596970407823417,1
pjxyqxbk094,89.6842105263158,2,0.9593444777491869,1
pjxuqwbj800,91.33613445378151,3,0.9590932218466465,1
pjxyqxbj817,87.10714285714286,5,0.95902455618462,1
pjxyqxbk706,86.62727272727273,2,0.9587254283188468,1
pjxuqwbj917,86.1896551724138,2,0.9585666452585541,1
pjxuqwbj698,90.75862068965517,2,0.9583967779970822,1
pjxsqxbj984,86.57627118644068,3,0.9581147584799562,1
pjxyqxbk556,87.01694915254237,2,0.9578381369013066,1
pjxuqwbj477,87.11764705882354,2,0.9577555753236839,1
pjxuqwbj873,85.76851851851852,3,0.9577438842585263,1
pjxyqxbk571,85.9396551724138,3,0.9574229457721117,1
pjxuqwbj584,87.35593220338983,4,0.9573442550548806,1
pjxsqxbj800,87.32456140350877,4,0.9573442550548806,1
pjxxxxbj930,88.94117647058823,2,0.9569804420550247,1
pjxuqwbj621,88.33587786259542,11,0.9568293086178634,1
pjxxztfj992,113.07407407407408,3,0.9561301517314982,1
pjxyqwbj662,87.20370370370371,2,0.9560655814755303,1
pjxpqxbj933,84.3047619047619,3,0.9559549600592169,1
pjxyqxbj831,87.14545454545454,2,0.9555791770337834,1
pjxyqxbj379,88.16949152542372,6,0.9547620487037672,1
pjxqqxbj973,88.79,3,0.9547511431354176,1
pjxyqxbl927,90.09433962264151,5,0.9544398035793374,1
pjxwzxfj994,107.25,2,0.9540441978530915,1
pjxsqxbj792,88.98039215686275,3,0.9540108355416039,1
pjxuqwbj525,90.31666666666666,2,0.9537278910392074,1
pjxyqxbk445,91.0327868852459,2,0.9533944841061096,1
pjxuqwbj492,88.43478260869566,2,0.952859341073541,1
pjxrqxbj930,87.13265306122449,5,0.9525786947825395,1
pjxyqwbj086,91.6952380952381,2,0.9515732439052746,1
pjxyqxbk269,90.6178861788618,7,0.9503815228382936,1
pjxyqwbj453,88.85585585585585,4,0.9501082859928742,1
pjxyqxbk697,83.85964912280701,4,0.9499179136909482,1
pjxyqxbj818,89.80701754385964,2,0.9496164776550994,1
pjxyqxbj815,87.35714285714286,3,0.9490816056373125,1
pjxyqxbj278,85.05172413793103,4,0.9490454949340232,1
pjxyqwbj112,89.77777777777777,2,0.9481690812813294,1
pjxyqwbj410,86.6608695652174,5,0.9479678713605283,1
pjxyqxbk728,89.42477876106194,4,0.9475556508914044,1
pjxyqwbj224,88.32407407407408,5,0.9474994102334938,1
pjxsqxbj976,90.66990291262135,2,0.947228104237939,1
pjxyqxbk304,85.58035714285714,2,0.9471183808164922,1
pjxrqxbj983,87.05154639175258,4,0.9465688797580019,1
pjxyqxbl910,85.91071428571429,3,0.9465293128764521,1
pjxyqwbk646,89.10377358490567,3,0.9463894152584935,1
pjxyqwbk931,88.25961538461539,2,0.9463701739378386,1
pjxyqxbk281,89.01754385964912,2,0.9462156790568224,1
pjxyqxbj687,87.73214285714286,2,0.9458094312889291,1
pjxuqwbj508,87.21186440677967,2,0.9456759568370358,1
pjxuqwbj916,85.54621848739495,8,0.9452084434326058,1
pjxyqwbj698,89.07692307692308,2,0.9442827018834373,1
pjxqqxbj998,87.45192307692308,6,0.9442282865174535,1
pjxyqxbj151,91.5603448275862,3,0.9440848093083387,1
pjxyqxbj001,87.74782608695652,2,0.9437042611749472,1
pjxyqwbk531,89.78,3,0.9436180887537564,1
pjxyqxbj784,89.08333333333333,2,0.9435921829493599,1
pjxyqxbk307,90.09649122807018,2,0.9432957782051302,1
pjxyqxbj858,88.52173913043478,3,0.9431709844823551,1
pjxyqwbj435,87.11206896551724,4,0.9430623021212203,1
pjxuqwbj552,84.87022900763358,9,0.9429593837605371,1
pjxrqxbj952,85.74736842105263,4,0.9420437867246944,1
pjxsqxbj997,89.18446601941747,2,0.9418532085392859,1
pjxyqwbj061,88.78703703703704,4,0.9414944450137785,1
pjxyqxbl687,91.27118644067797,2,0.9414476090009342,1
pjxyqxbk993,88.82727272727273,3,0.9413137346490208,1
pjxsqxbj790,88.94594594594595,2,0.9410083900839905,1
pjxyqwbk791,87.95535714285714,3,0.9406486423357202,1
pjxyqwbj663,88.0,3,0.9405655453938642,1
pjxuqwbj721,90.44144144144144,2,0.9403155160556415,1
pjxqzxbj971,90.97247706422019,7,0.9402863398478035,1
pjxyqwbk581,91.40186915887851,2,0.9402344251786963,1
pjxyqwbj155,89.46902654867256,2,0.9400467265045457,1
pjxyqxbj857,86.36434108527132,8,0.9398110706595142,1
pjxyqwbk736,89.29824561403508,5,0.9397347035236657,1
pjxyqwbj318,87.6283185840708,3,0.9395532185429184,1
pjxyqxbj131,90.44827586206897,2,0.9395264826376115,1
pjxyqxbj834,89.89473684210526,2,0.9394921275825433,1
pjxyqxbk522,87.67857142857143,2,0.9393781378569632,1
pjxrqxbj918,89.85416666666667,2,0.9391948443924963,1
pjxyqxbj314,87.90677966101696,3,0.9390842780890674,1
pjxyqxbj455,84.04385964912281,3,0.938940978079559,1
pjxyqwbj367,87.45,5,0.938778441772572,1
pjxyqwbj868,97.02586206896552,3,0.9387196238065969,1
pjxyqxbj242,89.97413793103448,4,0.9387124629756701,1
pjxvztfj980,95.08695652173913,2,0.9386908540680681,1
pjxyqxbk765,89.01666666666667,3,0.9383971773540423,1
pjxyqxbl753,96.0,3,0.9383579007299881,1
pjxyqxbl990,93.36134453781513,5,0.9382637337951332,1
pjxxxxbj904,88.01149425287356,3,0.93821913243906,1
pjxyqxbk314,87.92173913043479,4,0.9380577801893899,1
pjxyqwbj727,87.76363636363637,2,0.9379888881118893,1
pjxyqxbj164,90.10344827586206,3,0.9379804254810429,1
pjxyqxbk434,87.98230088495575,2,0.9379532088991877,1
pjxyqxbj722,88.64035087719299,2,0.9378811238672451,1
pjxsqxbj807,88.58095238095238,3,0.9375940615607017,1
pjxyqxbj679,90.0,2,0.9374635252876463,1
pjxyqxbj800,89.66666666666667,2,0.9374409981316532,1
pjxqqxbj957,89.26966292134831,2,0.9369876560361665,1
pjwtqxbj969,87.47272727272727,2,0.9368701516987759,1
pjxyqxbk527,88.31932773109244,3,0.9366211585980271,1
pjxuqwbj839,87.70434782608696,3,0.9365154925192419,1
pjxyqwbj856,88.37037037037037,3,0.9362143768203093,1
pjxsqxbj856,88.33628318584071,2,0.9361901358178656,1
pjxyqwbj713,88.96261682242991,2,0.9359463649511359,1
pjxpqxbj994,85.86607142857143,2,0.9357262522459189,1
pjxuqwbj755,89.22033898305085,5,0.9355596479337714,1
pjxyqwbj677,88.78095238095239,3,0.9352473262767022,1
pjxwxxbj992,88.61111111111111,2,0.9351839070779985,1
pjxyqxbj744,88.29565217391304,2,0.9348039767969613,1
pjxuqwbj485,89.98305084745763,2,0.934688876494691,1
pjxyqxbk846,91.1875,2,0.9343624547283349,1
pjxyqwbk818,88.13084112149532,3,0.9342983182407488,1
pjxyqwbj838,89.28703703703704,2,0.9342566155025319,1
pjxxxxbj980,90.74157303370787,2,0.9341980643743404,1
pjxyqwbj266,87.8348623853211,3,0.9340495023492131,1
pjxsqxbj768,89.13461538461539,2,0.9337639657218504,1
pjxxxxbj913,89.06024096385542,3,0.9336132963780518,1
pjxyqxbk076,86.76068376068376,3,0.9334959353426164,1
pjxyqxbk165,89.09821428571429,3,0.9333167955008537,1
pjxqzxbj984,87.56481481481481,4,0.9332934760322263,1
pjxyqwbj486,88.29203539823008,6,0.9331426933833366,1
pjxuqwbj488,88.39655172413794,3,0.9328190987343906,1
pjxyqxbj044,88.7280701754386,3,0.9326882338574266,1
pjxyqwbj398,89.6822429906542,2,0.9322383641038257,1
pjxyqxbk775,88.36206896551724,7,0.9321916403022849,1
pjxyqwbj362,86.93203883495146,2,0.9321855829716421,1
pjxyqxbj048,87.61016949152543,4,0.9320748498502645,1
pjxyqwbk543,87.77064220183486,3,0.931970780561565,1
pjxyqxbj159,92.78333333333333,2,0.931903979260765,1
pjxxxxbj955,90.90588235294118,2,0.93183065376523,1
pjxyqwbj338,90.23214285714286,2,0.9317545779805302,1
pjxyqwbk824,87.58407079646018,2,0.9315621946940119,1
pjxyqxbj726,84.69565217391305,2,0.9311754683026711,1
pjxyqxbj404,88.0,2,0.9311592728146252,1
pjxyqxbl717,87.58407079646018,2,0.9311015590446123,1
pjxyqwbj092,88.72380952380952,2,0.9310331096837031,1
pjxyqxbj139,89.24528301886792,4,0.930925496897156,1
pjxyqxbj283,87.99122807017544,4,0.9306486423357202,1
pjxyqxbk717,87.97457627118644,4,0.9306486423357202,1
pjxyqxbk630,89.91228070175438,2,0.9299844359234984,1
pjxuqwbj545,91.14018691588785,2,0.9294961277502884,1
pjxyqxbk941,87.76859504132231,4,0.9293584440668886,1
pjxyqxbl950,87.75438596491227,2,0.9290031148025025,1
pjxyqxbk402,89.57798165137615,2,0.9287244238803186,1
pjxyqwbj396,89.99056603773585,2,0.9287241115821544,1
pjxyqwbk955,88.55555555555556,4,0.9286581977462026,1
pjxsqxbj968,88.83333333333333,3,0.9286152965153126,1
pjxwzxfj977,93.20833333333333,2,0.9285405396353876,1
pjwtqxbj925,87.56198347107438,7,0.9283703368407825,1
pjxyqxbj771,88.55172413793103,2,0.9282649875443293,1
pjxyqxbj124,87.97391304347826,2,0.9282107390096138,1
pjxyqxbl758,87.85321100917432,2,0.9280441977046509,1
pjxyqxbk534,87.99107142857143,3,0.927734449422205,1
pjxyqwbj876,87.46666666666667,3,0.9274287320201988,1
pjxyqwbk617,88.35087719298245,3,0.9272286601481393,1
pjwtqxbj998,88.02521008403362,4,0.9269191716958929,1
pjxyqxbj869,87.3529411764706,6,0.9268088099421865,1
pjxrqxbj996,90.24137931034483,3,0.9263983795586824,1
pjxwzxkj985,88.11711711711712,2,0.926147314205732,1
pjxsqxbj905,90.88073394495413,3,0.9260561497326204,1
pjxyqwbj594,88.296,2,0.9258762310768427,1
pjxyqwbj560,88.02564102564102,7,0.9258543146326061,1
pjxwxxbj918,87.98019801980197,3,0.9255655307370195,1
pjxyqwbj598,90.84684684684684,3,0.9254777580231922,1
pjxyqxbj345,87.42105263157895,4,0.9254390489037285,1
pjxpqxbj911,87.66355140186916,2,0.9252973783058396,1
pjxyqwbk631,84.54054054054055,8,0.9247501035928651,1
pjwtqxbj920,88.14285714285714,3,0.9245829499590792,1
pjxyqwbj251,87.96363636363637,2,0.9245138446441292,1
pjxyqxbk144,87.45871559633028,2,0.9236257552688782,1
pjxyqwbk953,70.16901408450704,37,0.9230146844156328,1
pjxyqwbj605,87.5,3,0.9230115553685441,1
pjxyqxbj332,88.46902654867256,3,0.9228712912334855,1
pjxyqwbj926,89.50909090909092,3,0.9228106309788121,1
pjxyqwbk729,86.68867924528301,2,0.9216115358603665,1
pjxyqwbk728,88.69811320754717,2,0.9212894118831669,1
pjxyqwbj002,89.06666666666666,3,0.9212370407581412,1
pjxyqxbj698,87.48695652173913,2,0.9204525834517172,1
pjxuqwbj647,90.90265486725664,3,0.9202492673044778,1
pjxyqwbj841,89.09009009009009,2,0.9200875629427796,1
pjxyqwbj361,89.01851851851852,2,0.9200629263350291,1
pjxyqwbj036,88.67708333333333,2,0.9200367551149644,1
pjxsqxbj949,88.82727272727273,2,0.9195529905745136,1
pjxyqxbk531,89.33333333333333,3,0.9194930251533419,1
pjxyqwbj925,88.51724137931035,3,0.9193271410611831,1
pjxsqxbj786,87.50980392156863,2,0.9183672386965266,1
pjwtqxbj985,91.14414414414415,3,0.9182221158878744,1
pjxsqxbj808,88.45614035087719,2,0.9179359371940212,1
pjxpqxbj963,86.929203539823,2,0.9178473522601975,1
pjxyqxbk148,92.90598290598291,2,0.917690787611864,1
pjxyqwbk644,88.06481481481481,4,0.9171553417516134,1
pjxpqxbj912,87.10909090909091,2,0.91705003254091,1
pjxsqxbj989,89.22522522522523,2,0.9167333873252723,1
pjxyqxbk905,89.2156862745098,3,0.9164898753673927,1
pjxyqxbj023,88.57894736842105,5,0.9161860939357773,1
pjxrqxbj958,90.43157894736842,2,0.9161792936352059,1
pjxxxxbj907,90.59770114942529,2,0.9159968184837933,1
pjxyqxbj507,87.75206611570248,3,0.9157932303456061,1
pjxyqxbj581,87.49122807017544,2,0.9157620107419503,1
pjxxxxbj963,90.48863636363636,4,0.9152754948393845,1
pjxuqwbj944,89.85840707964601,2,0.9147085808442406,1
pjxyqxbk242,89.29166666666667,2,0.9138250021382521,1
pjxyqwbj441,92.44642857142857,3,0.913692302898219,1
pjxyqwbj129,84.4424778761062,7,0.9135646553813906,1
pjxyqwbj300,91.02702702702703,3,0.9133014145437416,1
pjxyqxbk987,88.38983050847457,3,0.911804731950723,1
pjxyqwbk812,89.60176991150442,3,0.9115744522917217,1
pjxyqwbj849,90.47899159663865,2,0.9114728983275592,1
pjxyqwbj884,88.2695652173913,2,0.9112824905631182,1
pjxyqxbk444,92.09009009009009,2,0.9111030083521308,1
pjxyqwbj718,89.99107142857143,2,0.9110067640708602,1
pjxpqxbj945,86.30630630630631,3,0.9085518117559022,1
pjwrqxbj890,91.25833333333334,2,0.9085434188066798,1
pjxyqxbj241,96.36440677966101,2,0.9075637655367558,1
pjxyqwbj153,88.2991452991453,2,0.9073703232180027,1
pjwrqxbj994,88.26363636363637,2,0.9069252015935182,1
pjxyqwbj341,90.81308411214954,2,0.9059026239408147,1
pjxyqxbk204,89.90178571428571,3,0.9051276656733512,1
pjxyqxbj895,91.08264462809917,3,0.9044352547676262,1
pjxyqxbj807,92.60714285714286,2,0.9043708490802282,1
pjxuqwbj634,88.22413793103448,3,0.9041556861798447,1
pjxyqwbj822,88.45370370370371,3,0.9039871463093232,1
pjxyqwbk943,87.69444444444444,2,0.9039088062734902,1
pjxyqxbj120,90.46363636363637,2,0.9039078301735887,1
pjxyqxbj440,89.22018348623853,2,0.9036111423891245,1
pjxyqwbk806,86.37864077669903,2,0.9024718903783085,1
pjxyqwbk964,90.21698113207547,2,0.901874951048631,1
pjxyqxbj154,88.62931034482759,2,0.9017956351045571,1
pjxyqxbk677,88.61061946902655,2,0.9017956351045571,1
pjxyqxbl821,91.42342342342343,3,0.9017159252383327,1
pjxyqxbl905,89.21238938053098,2,0.9009490681461376,1
pjxyqwbj479,91.05504587155963,2,0.9006221922716002,1
pjxyqwbj117,88.30555555555556,2,0.9001571512407911,1
pjxyqwbj095,88.30357142857143,6,0.8999248217728253,1
pjxyqxbk936,89.9090909090909,2,0.8993640332411217,1
pjxqzxbj997,90.06666666666666,3,0.8992895720940873,1
pjxyqwbj912,87.68695652173913,5,0.8986236644608234,1
pjxyqwbj621,93.31932773109244,2,0.8965413113726127,1
pjxyqwbj828,89.60526315789474,2,0.8960995120189574,1
pjwtqxbj935,88.869918699187,3,0.8960153021054146,1
pjxpqxbj976,89.11881188118812,3,0.8959687852169533,1
pjxxzxkj981,89.02970297029702,2,0.8947941218533028,1
pjxyqxbk795,90.60194174757281,3,0.8947892688599771,1
pjxyqwbj072,87.66956521739131,2,0.8945851034095543,1
pjxyqxbk902,87.74107142857143,2,0.8944794322842787,1
pjxyqwbj252,87.66371681415929,4,0.8935877901249796,1
pjxpqxbj934,88.08843537414965,4,0.8933643316625925,1
pjxyqwbj509,87.74311926605505,2,0.8924245310449714,1
pjxyqwbj651,89.70175438596492,2,0.891396320296295,1
pjxxxxbj916,88.79761904761905,3,0.8900528895076729,1
pjxwxxbj927,88.98958333333333,2,0.8899590663293045,1
pjxyqwbk749,89.6116504854369,2,0.8891129891566341,1
pjxyqwbj940,89.75,2,0.8888130198915895,1
pjwrqxbj925,90.75,2,0.8885380489564143,1
pjwrqxbj985,89.81981981981981,2,0.8881221396288674,1
pjxyqxbj051,89.7433628318584,2,0.8857066523469654,1
pjxuqwbj606,91.71653543307086,6,0.8854316208241206,1
pjxwzxkj998,88.61607142857143,2,0.885284667402276,1
pjxyqwbj796,89.56481481481481,3,0.8851177134763404,1
pjxyqwbj401,87.5137614678899,3,0.8832183968760454,1
pjxyqxbk342,89.1559633027523,4,0.8831131223100193,1
pjxxxxbj937,90.1590909090909,3,0.8826604891571709,1
pjxyqwbj126,91.83478260869565,2,0.8819472483088375,1
pjxyqxbk908,88.54545454545455,6,0.8815546857807743,1
pjxyqxbj935,88.22123893805309,5,0.879759094424392,1
pjxyqxbk880,91.6413043478261,2,0.8790013782351909,1
pjxyqwbj788,88.27777777777777,2,0.878059688905817,1
pjxyqwbk642,97.04545454545455,2,0.8775025432496878,1
pjxyqwbk761,93.3076923076923,3,0.8767134652964166,1
pjxyqxbk642,89.19298245614036,3,0.876133450975501,1
pjxyqxbj167,92.20833333333333,2,0.8743523857147742,1
pjxyqxbk759,88.97272727272727,2,0.8742038051653435,1
pjxyqxbl751,90.88888888888889,2,0.8733456403278662,1
pjxyqxbj224,87.53211009174312,2,0.871960470561694,1
pjxyqxbl768,86.3781512605042,2,0.8705604687959042,1
pjxrqxbj992,92.95833333333333,4,0.8703657759952174,1
pjxvzrfj997,96.2,2,0.869850548669256,1
pjxyqwbj248,86.73275862068965,2,0.8680076047671815,1
pjxuqwbj738,90.30909090909091,2,0.8670420896828994,1
pjxrqxbj957,95.09574468085107,2,0.864548307707202,1
pjxyqxbk317,89.92241379310344,5,0.856062031061364,1
pjxyqwbj307,91.30097087378641,3,0.8557195530499562,1
pjxyqwbj221,88.37864077669903,2,0.8548580816608629,1
pjxrqxbj990,93.92553191489361,2,0.8535625245078213,1
pjxpqxbj925,94.58181818181818,3,0.8528312263426848,1
pjwrqxbj884,91.63636363636364,3,0.8434324899382848,1
pjxyqwbj431,91.54285714285714,2,0.8430689827929989,1
pjxsqxbj918,92.27906976744185,2,0.8397457293165571,1
pjxxxxbj915,93.46236559139786,2,0.8323098133583591,1
pjxrqxbj994,94.11702127659575,2,0.8320581590501959,1
pjxuqwbj583,94.4298245614035,3,0.8263724447644816,1
pjxyqwbj867,92.79439252336448,2,0.8207405325231454,1
pjxvzrfj978,99.16,2,0.818053674984862,1
pjxqzxbj973,91.88392857142857,4,0.7961271995559547,1
pjxsqxbj969,90.74045801526718,4,0.7950931541032226,1
pjxyqxbj981,87.80701754385964,2,0.7750575997326306,1
pjxuqwbj537,89.19130434782609,3,0.7692166335524092,1
pjxyqxbk246,91.74311926605505,2,0.7489845337303405,1
